,Rank,Movie Title,Gross,Release,Distributor
0,1,Wolf Warrior 2,"$854,248,869.00",7/27,
1,2,The Wandering Earth,"$690,994,017.00",2/5,BC
2,3,Avengers: Endgame,"$614,316,021.00",4/24,
3,4,Operation Red Sea,"$575,849,199.00",2/16,
4,5,Detective Chinatown 2,"$541,406,438.00",2/16,
5,6,The Mermaid (2016),"$526,848,189.00",2/8,
6,7,Dying To Survive,"$451,176,639.00",7/5,
7,8,The Fate of the Furious,"$392,807,017.00",4/14,UPI
8,9,Furious 7,"$390,910,000.00",4/12,China Film
9,10,Monster Hunt,"$381,860,000.00",7/16,China Film
10,11,Hello Mr. Billionaire,"$366,961,907.00",7/27,
11,12,Avengers: Infinity War,"$359,543,153.00",5/11,Disney
12,13,Monster Hunt 2,"$356,336,096.00",2/16,
13,14,Never Say Die,"$333,937,573.00",9/30,
14,15,Crazy Alien,"$327,598,891.00",2/5,
15,16,Transformers: Age of Extinction,"$320,000,000.00",6/27,HuaXia
16,17,The Ex-File: The Return of the Exes,"$306,449,457.00",12/29,
17,18,Aquaman,"$298,333,496.00",12/7,WB
18,19,Venom (2018),"$272,243,405.00",11/9,
19,20,Jurassic World: Fallen Kingdom,"$261,224,207.00",6/15,
20,21,Mojin: The Lost Legend,"$255,747,040.00",12/17,
21,22,Pegasus,"$255,510,705.00",2/5,
22,23,Kung Fu Yoga,"$254,531,595.00",1/28,
23,24,Avengers: Age of Ultron,"$240,110,000.00",5/11,
24,25,Journey to the West: The Demons Strike Back,"$239,553,888.00",1/28,
25,26,Zootopia,"$235,591,257.00",3/4,
26,27,Lost in Hong Kong,"$234,431,227.00",9/25,
27,28,Transformers: The Last Knight,"$228,842,508.00",6/23,PPI
28,29,Jurassic World,"$228,740,000.00",6/10,
29,30,Goodbye Mr. Loser,"$226,161,196.00",9/25,
30,31,Youth (2017),"$224,558,496.00",12/15,
31,32,Ready Player One,"$218,471,784.00",3/30,WB
32,33,Warcraft,"$213,541,452.00",6/8,HuaXia
33,34,Us and Them,"$209,221,331.00",4/28,
34,35,The Island (2018),"$197,276,235.00",8/10,
35,36,Journey to the West: Conquering the Demons,"$196,740,000.00",2/10,
36,37,Dangal,"$193,050,870.00",5/5,
37,38,Coco,"$189,226,296.00",11/24,Disney
38,39,Breakup Buddies,"$187,970,000.00",9/30,
39,40,Jian Bing Man,"$186,350,000.00",7/17,HuaXia
40,41,The Monkey King 2 in 3D,"$185,402,420.00",2/8,
41,42,Project Gutenberg,"$183,354,997.00",9/30,
42,43,Mission: Impossible - Fallout,"$181,184,137.00",8/31,
43,44,Captain America: Civil War,"$180,794,517.00",5/6,Disney
44,45,Operation MeKong,"$172,477,764.00",9/30,
45,46,Pirates of the Caribbean: Dead Men Tell No Tales,"$172,277,290.00",5/26,Disney
46,47,From Vegas to Macau 3 (Du cheng feng yun III),"$172,104,369.00",2/8,
47,48,The Great Wall,"$170,962,106.00",12/16,
48,49,Bumblebee,"$170,846,880.00",1/4,
49,50,Kong: Skull Island,"$168,188,002.00",3/24,
50,51,The Monkey King,"$167,840,000.00",1/31,
51,52,xXx: The Return of Xander Cage,"$164,066,583.00",2/10,PPI
52,53,Resident Evil: The Final Chapter,"$159,548,686.00",2/24,Sony
53,54,Despicable Me 3,"$158,171,566.00",7/7,UPI
54,55,Rampage (2018),"$156,381,897.00",4/13,WB
55,56,Kung Fu Panda 3,"$154,304,371.00",1/29,
56,57,The Man from Macau II,"$154,130,000.00",2/19,Bona Light
57,58,Captain Marvel,"$154,070,663.00",3/8,Disney
58,59,The Meg,"$153,033,208.00",8/10,WB
59,60,Monkey King: Hero Is Back,"$153,020,000.00",7/2,
60,61,Duckweed,"$152,405,087.00",1/28,
61,62,The Jungle Book (2016),"$150,140,000.00",4/15,Disney
62,63,Time Raiders,"$145,692,957.00",8/5,HuaXia
63,64,The Taking of Tiger Mountain,"$141,020,000.00",12/23,HuaXia
64,65,More than Blue,"$139,613,557.00",3/14,
65,66,Mr. Six,"$137,268,153.00",12/22,CL
66,67,Mission: Impossible - Rogue Nation,"$135,653,541.00",9/8,
67,68,How Long Will I Love You,"$135,346,907.00",5/18,
68,69,Alita: Battle Angel,"$133,397,094.00",2/22,
69,70,Skiptrace,"$129,014,985.00",7/21,
70,71,Detective Chinatown (Tang ren jie tan an),"$125,112,232.00",12/25,CL
71,72,Star Wars: The Force Awakens,"$124,159,138.00",1/9,
72,73,Ip Man 3,"$124,101,198.00",3/4,
73,74,Godzilla: King of the Monsters,"$123,523,659.00",5/31,
74,75,Interstellar,"$121,990,000.00",11/12,China Film
75,76,The Hobbit: The Battle of the Five Armies,"$121,720,000.00",1/23,China Film
76,77,Ant-Man and the Wasp,"$121,203,074.00",8/24,Disney
77,78,Iron Man 3,"$121,200,000.00",5/1,China Film
78,79,X-Men: Apocalypse,"$120,765,095.00",6/3,Fox
79,80,Forever Young (2018),"$119,035,157.00",1/12,
80,81,I Belonged to You,"$118,084,717.00",9/29,
81,82,Secret Superstar,"$117,703,966.00",1/19,
82,83,A Cool Fish,"$117,404,850.00",11/16,
83,84,Dragon Blade,"$116,790,000.00",2/19,
84,85,X-Men: Days of Future Past,"$116,490,000.00",5/23,HuaXia
85,86,Spider-Man: Homecoming,"$116,280,889.00",9/8,Sony
86,87,Captain America: The Winter Soldier,"$115,620,000.00",4/4,China Film
87,88,Personal Tailor,"$115,520,000.00",12/19,
88,89,P Storm,"$114,996,698.00",4/4,
89,90,The Monkey King 3,"$114,778,320.00",2/16,
90,91,Zhi wo men zhong jiang shi qu de qing chun (So Young),"$114,710,000.00",4/25,China Film
91,92,Finding Mr. Right 2,"$114,130,123.00",4/29,CL
92,93,Terminator: Genisys,"$113,175,898.00",8/23,HuaXia
93,94,Thor: Ragnarok,"$112,226,154.00",11/3,Disney
94,95,War for the Planet of the Apes,"$112,150,301.00",9/15,Fox
95,96,Pacific Rim,"$111,940,000.00",7/31,China Film
96,97,"Dad, Where Are We Going?","$111,870,000.00",1/31,
97,98,Wolf Totem,"$110,460,000.00",2/18,China Film
98,99,Buddies in India,"$109,835,197.00",1/28,
99,100,Doctor Strange,"$109,194,913.00",11/4,Disney
100,101,Dawn of the Planet of the Apes,"$107,355,317.00",8/29,HuaXia
101,102,The Breakup Guru,"$106,590,000.00",6/27,
102,103,Chronicles of the Ghostly Tribe,"$106,380,000.00",9/25,
103,104,Boonie Bears: Blast Into the Past,"$106,344,549.00",2/5,
104,105,Logan,"$106,226,155.00",3/3,Fox
105,106,Justice League,"$106,052,345.00",11/17,WB
106,107,Ant-Man,"$105,370,038.00",10/16,
107,108,Black Panther,"$105,062,459.00",3/9,Disney
108,109,Wukong,"$103,489,838.00",7/13,
109,110,San Andreas,"$103,190,000.00",6/2,
110,111,Cold War 2,"$102,197,265.00",7/8,
111,112,Railroad Tigers,"$101,519,156.00",12/23,
112,113,Guardians of the Galaxy Vol. 2,"$100,663,260.00",5/5,
113,114,The Continent,"$100,110,000.00",7/24,HuaXia
114,115,Pacific Rim Uprising,"$99,488,362.00",3/23,Legend
115,116,Devil and Angel (E Gun Tian Shi),"$98,465,197.00",12/22,CL
116,117,Skyscraper,"$98,444,095.00",7/20,UPI
117,118,Now You See Me 2,"$97,115,220.00",6/24,Leomus
118,119,Boonie Bears: The Big Shrink,"$96,509,976.00",2/16,
119,120,Di Renjie zhi shendu longwang (Young Detective Dee),"$96,400,000.00",9/28,
120,121,Batman v Superman: Dawn of Justice,"$95,769,365.00",3/25,
121,122,Some Like It Hot (2016),"$95,620,411.00",12/30,
122,123,The Martian,"$94,932,731.00",11/25,
123,124,Kill Mobile,"$94,768,221.00",12/28,
124,125,The Amazing Spider-Man 2,"$94,430,000.00",5/4,China Film
125,126,Back in Time (Congcong Nanian),"$93,470,000.00",12/4,
126,127,The New King of Comedy,"$92,796,953.00",2/5,
127,128,Pokemon Detective Pikachu,"$91,833,846.00",5/10,Legend
128,129,The Mummy (2017),"$91,707,392.00",6/9,UPI
129,130,Shadow (2018),"$90,524,286.00",9/30,
130,131,Wonder Woman,"$90,498,909.00",6/2,WB
131,132,S.P.L. 2: A TIme for Consequences,"$90,270,000.00",6/18,
132,133,Detective Dee: The Four Heavenly Kings,"$89,016,856.00",7/27,
133,134,A Dog's Purpose,"$88,226,996.00",3/3,
134,135,Line Walker,"$87,941,104.00",8/11,HuaXia
135,136,Chasing the Dragon,"$87,253,052.00",9/30,
136,137,Stand by Me Doraemon,"$86,920,000.00",5/28,
137,138,"Hello, Mrs. Money","$86,828,611.00",9/30,
138,139,Zhong Guo He Huo Ren (American Dreams in China),"$86,450,000.00",5/17,China Film
139,140,Guardians of the Galaxy,"$86,346,366.00",10/10,HuaXia
140,141,Police Story 2013,"$86,340,000.00",12/24,Wanda
141,142,Fantastic Beasts and Where To Find Them,"$85,963,412.00",11/25,WB
142,143,Beauty and the Beast (2017),"$85,763,002.00",3/17,Disney
143,144,Hidden Men,"$85,170,581.00",7/13,
144,145,Big Fish & Begonia (Da Hai),"$85,023,628.00",7/8,BeijEnl
145,146,The Man from Macau,"$84,570,000.00",1/31,
146,147,Legend of the Demon Cat,"$84,089,891.00",12/22,
147,148,Big Hero 6,"$83,765,749.00",2/28,China Film
148,149,Your Name (Kimi no na wa.),"$83,678,210.00",12/2,
149,150,Spectre,"$83,509,789.00",11/13,
150,151,Finding Mr. Right,"$82,680,000.00",3/21,EDKO
151,152,Tiny Times 3,"$82,320,000.00",7/17,
152,153,Once Upon A Time,"$82,313,686.00",8/3,
153,154,Gone with the Bullets,"$81,300,000.00",12/18,Wanda
154,155,Wolf Warrior,"$81,273,855.00",4/2,
155,156,The Foreigner,"$81,205,559.00",9/30,
156,157,iPartment the Movie,"$81,096,321.00",8/10,
157,158,Go Away Mr. Tumor,"$80,120,000.00",8/13,HuaXia
158,159,Paradox,"$79,214,898.00",8/17,
159,160,Tomb Raider,"$78,497,836.00",3/16,WB
160,161,Jumanji: Welcome to the Jungle,"$77,946,567.00",1/12,
161,162,The Left Ear,"$77,920,000.00",4/26,HuaXia
162,163,Tiny Times 4.0,"$77,750,000.00",7/9,
163,164,Godzilla (2014),"$77,630,000.00",6/13,HuaXia
164,165,Tiny Times,"$77,600,000.00",6/27,
165,166,Boonie Bears: Entangled Worlds,"$76,630,780.00",1/28,
166,167,The Angry Birds Movie,"$75,872,971.00",5/20,Sony
167,168,Independence Day: Resurgence,"$75,359,650.00",6/24,Fox
168,169,S.P.L. 2: A TIme for Consequences,"$75,320,000.00",6/18,
169,170,The Hobbit: The Desolation of Smaug,"$74,730,000.00",2/21,China Film
170,171,Kingsman: The Secret Service,"$74,667,000.00",3/27,China Film
171,172,Animal World,"$74,559,221.00",6/29,
172,173,My Old Classmate,"$73,050,000.00",4/25,
173,174,The Expendables 3,"$72,870,000.00",9/1,China Film
174,175,Amazing China,"$72,506,343.00",3/2,
175,176,Cinderella (2015),"$71,570,000.00",3/13,China Film
176,177,Kingsman: The Golden Circle,"$71,546,430.00",10/20,Fox
177,178,Green Book,"$71,039,621.00",3/1,Alibaba
178,179,Gravity,"$70,680,000.00",11/19,China Film
179,180,I Am Not Madame Bovary,"$70,174,367.00",11/18,
180,181,See You Tomorrow,"$70,065,569.00",12/23,
181,182,Rogue One: A Star Wars Story,"$69,484,899.00",1/6,Disney
182,183,2012,"$68,670,540.00",11/13,
183,184,2012,"$68,670,540.00",11/13,
184,185,2012,"$68,670,540.00",11/13,
185,186,Minions,"$68,490,000.00",9/13,
186,187,Running Man (2015),"$68,450,000.00",1/30,
187,188,Jason Bourne,"$66,904,818.00",8/23,UPI
188,189,White Snake,"$66,652,781.00",1/11,Joy
189,190,Fast & Furious 6,"$66,490,000.00",7/26,China Film
190,191,Need for Speed,"$66,240,000.00",3/14,China Film
191,192,Ice Age: Collision Course,"$66,059,140.00",8/23,Fox
192,193,Transformers: Revenge of the Fallen,"$65,837,290.00",6/24,
193,194,Transformers: Revenge of the Fallen,"$65,837,290.00",6/24,
194,195,Transformers: Revenge of the Fallen,"$65,837,290.00",6/24,
195,196,Geostorm,"$65,667,015.00",10/27,WB
196,197,Edge of Tomorrow,"$65,660,000.00",6/6,HuaXia
197,198,Beijing Love Story,"$65,290,000.00",2/13,China Film
198,199,The House That Never Dies,"$65,220,000.00",7/18,
199,200,Star Trek Beyond,"$65,170,090.00",9/2,PPI
200,201,How to Train Your Dragon 2,"$65,100,000.00",8/14,HuaXia
201,202,Monk Comes Down the Mountain,"$64,260,000.00",7/2,
202,203,L Storm,"$63,894,019.00",9/14,
203,204,Snow Girl and the Dark Crystal,"$63,620,000.00",2/19,HuaXia
204,205,Man of Steel,"$63,440,000.00",6/20,China Film
205,206,The Croods,"$63,310,000.00",4/19,China Film
206,207,The Hundred Regiments Offensive,"$63,230,000.00",8/28,
207,208,Spider-Man: Into The Spider-Verse,"$62,897,624.00",12/21,Sony
208,209,Teenage Mutant Ninja Turtles (2014),"$62,130,000.00",10/31,HuaXia
209,210,Hacksaw Ridge,"$62,124,942.00",12/8,
210,211,Valerian and the City of a Thousand Planets,"$62,073,823.00",8/25,Fund.
211,212,The White Haired Witch of Lunar Kingdom,"$61,850,000.00",7/31,
212,213,The Founding of an Army,"$60,600,361.00",7/27,
213,214,Forever Young,"$59,750,000.00",7/10,
214,215,Skyfall,"$59,234,352.00",1/21,Sony
215,216,Miss Granny (2015),"$59,010,000.00",1/8,China Film
216,217,Teenage Mutant Ninja Turtles: Out of the Shadows,"$58,933,101.00",7/2,PPI
217,218,Alice Through the Looking Glass,"$58,780,778.00",5/27,Disney
218,219,Shock Wave,"$58,716,549.00",4/28,
219,220,The Revenant,"$58,684,119.00",3/18,
220,221,The Devotion of Suspect X,"$58,320,490.00",3/31,
221,222,The Secret Life of Pets,"$58,307,653.00",8/2,UPI
222,223,Fantastic Beasts: The Crimes of Grindelwald,"$57,781,863.00",11/16,
223,224,Goldbuster,"$57,366,402.00",12/29,
224,225,Chongqing Hot Pot,"$57,098,935.00",4/1,
225,226,Star Trek Into Darkness,"$57,045,659.00",5/28,HuaXia
226,227,You Are My Sunshine,"$56,640,000.00",4/30,
227,228,L.O.R.D: Legend of Ravaging Dynasties (Jue ji),"$56,211,456.00",9/29,
228,229,A or B,"$56,055,948.00",4/28,
229,230,The Big Shot,"$56,040,681.00",1/11,
230,231,Jurassic Park (3D),"$55,890,000.00",8/20,China Film
231,232,Dark Phoenix,"$55,545,217.00",6/6,
232,233,Silent Separation,"$55,350,000.00",4/29,
233,234,Thor: The Dark World,"$55,340,000.00",11/8,HuaXia
234,235,Beginning of the Great Revival (Jian dang wei ye) [3D re-release],"$54,612,874.00",11/4,
235,236,Go Brother!,"$54,608,418.00",8/17,
236,237,How to Train Your Dragon: The Hidden World,"$54,541,969.00",3/1,
237,238,Our Times (2015),"$54,499,955.00",11/19,
238,239,Capernaum,"$53,878,464.00",4/29,
239,240,G.I. Joe: Retaliation,"$53,840,000.00",4/15,China Film
240,241,A Chinese Odyssey: Part Three,"$53,160,819.00",9/14,
241,242,Despicable Me 2,"$52,980,000.00",1/10,China Film
242,243,London Has Fallen,"$52,302,200.00",4/8,
243,244,Aladdin (2019),"$51,632,662.00",5/24,
244,245,Hollywood Adventures,"$51,620,000.00",6/26,
245,246,Incredibles 2,"$51,473,064.00",6/22,
246,247,Cry Me a Sad River,"$51,325,368.00",9/21,
247,248,Dunkirk,"$50,970,494.00",9/1,WB
248,249,Song of Youth,"$50,885,008.00",3/22,
249,250,Robocop (2014),"$50,820,000.00",2/28,China Film
250,251,Firestorm (2013),"$50,770,000.00",12/12,China Film
251,252,Qin Ai De Xiao Hai (Dearest),"$49,944,648.00",9/26,
252,253,The Hobbit: An Unexpected Journey,"$49,730,000.00",2/22,China Film
253,254,Overheard 3,"$49,650,000.00",5/29,HuaXia
254,255,Surprise - Journey To The West,"$49,373,331.00",12/11,
255,256,My Beloved Bodyguard,"$49,371,457.00",4/1,
256,257,Mechanic: Resurrection,"$49,243,215.00",10/21,
257,258,Never Gone,"$48,834,264.00",7/8,HuaXia
258,259,Maze Runner: The Death Cure,"$48,720,608.00",1/26,Fox
259,260,Frozen (2013),"$48,240,000.00",2/5,China Film
260,261,Sky Hunter,"$47,995,941.00",9/29,
261,262,Maleficent,"$47,720,000.00",6/20,China Film
262,263,Bleeding Steel,"$47,628,513.00",12/22,
263,264,The Dead End,"$47,600,000.00",8/27,
264,265,Tiny Times 2,"$47,220,000.00",8/8,
265,266,Andhadhun,"$47,111,380.00",4/3,
266,267,Night at the Museum: Secret of the Tomb,"$47,072,923.00",1/4,China Film
267,268,Boonie Bears: Mystical Winter,"$47,000,000.00",1/30,
268,269,Switch (2013),"$46,820,000.00",6/9,China Film
269,270,Chi bi (Red Cliff: Part I),"$46,698,967.00",7/10,
270,271,Hanson and the Beast,"$46,154,323.00",12/29,
271,272,The Legend of Tarzan,"$46,152,613.00",7/19,China Film
272,273,The Thousand Faces Of Dunjia,"$46,105,498.00",12/15,
273,274,Coming Home,"$46,000,000.00",5/16,Wanda
274,275,Golden Job,"$45,776,274.00",9/21,
275,276,Guilty of Mind,"$45,698,503.00",8/11,
276,277,Bajrangi Bhaijaan,"$45,534,364.00",3/2,
277,278,Let's Get Married,"$45,420,000.00",4/2,HuaXia
278,279,Alien: Covenant,"$45,400,330.00",6/16,Fox
279,280,Bu Er Shen Tan (Badges of Fury),"$45,300,000.00",6/21,
280,281,Passengers (2016),"$45,279,870.00",1/13,Sony
281,282,Yi dai zong shi (The Grandmaster),"$45,270,000.00",1/7,China Film
282,283,Fei Cheng Wu Rao (If You Are the One),"$45,257,457.00",12/18,
283,284,Somewhere Only We Know,"$45,160,000.00",2/10,
284,285,Love on the Cloud (Wei Ai),"$45,040,000.00",12/24,
285,286,My Best Summer,"$44,851,664.00",6/6,
286,287,Lucy,"$44,780,000.00",10/24,China Film
287,288,Jupiter Ascending,"$44,620,000.00",3/6,China Film
288,289,Boonie Bears III,"$44,544,110.00",1/16,
289,290,The Great Hypnotist,"$44,050,000.00",4/30,
290,291,Shazam!,"$43,697,123.00",4/5,
291,292,Battle of Memories,"$43,052,147.00",4/28,
292,293,"Chu zi Xi zi Pi zi (The Chef, The Actor, The Scoundrel)","$42,970,000.00",3/29,
293,294,League of Gods,"$42,682,491.00",7/29,HuaXia
294,295,Star Wars: The Last Jedi,"$42,577,974.00",1/5,Disney
295,296,Once Upon a Deadpool,"$42,453,208.00",1/25,Fox
296,297,No Man's Land (2013),"$41,800,000.00",12/3,HuaXia
297,298,Long Day's Journey Into Night,"$41,464,344.00",12/31,
298,299,Bad Genius,"$41,051,728.00",10/13,
299,300,"Lost, Found","$41,016,766.00",10/5,
300,301,Escape Plan,"$40,930,000.00",11/4,China Film
301,302,Penguins of Madagascar,"$40,730,000.00",11/14,China Film
302,303,The Wolverine,"$40,570,000.00",10/17,China Film
303,304,Love O2O,"$39,969,537.00",8/12,HuaXia
304,305,"Boonie Bears, to the Rescue!","$39,910,000.00",1/17,
305,306,Brotherhood of Blades II: The Infernal Battlefield,"$39,878,718.00",7/19,
306,307,Point Break (2015),"$39,403,259.00",12/4,Lions Gate
307,308,Rio 2,"$39,400,000.00",4/11,China Film
308,309,Ralph Breaks the Internet,"$39,259,191.00",11/23,Disney
309,310,Ex-Files 2: The Backup Strikes Back,"$38,942,745.00",11/6,
310,311,Chasing the Dragon 2: Wild Wild Bunch,"$38,613,125.00",6/6,
311,312,The White Storm,"$38,500,000.00",11/29,HuaXia
312,313,"Crouching Tiger, Hidden Dragon: Sword of Destiny","$38,262,712.00",2/19,
313,314,Finding Dory,"$38,052,302.00",6/17,Disney
314,315,Chi bi: Xia - Jue zhan tian xia (Red Cliff: Part II),"$38,043,199.00",1/7,
315,316,Chi bi: Xia - Jue zhan tian xia (Red Cliff: Part II),"$38,043,199.00",1/7,
316,317,Chi bi: Xia - Jue zhan tian xia (Red Cliff: Part II),"$38,043,199.00",1/7,
317,318,Mission Milano (Wang pai dou wang pai),"$37,741,786.00",10/1,
318,319,Fat Buddies,"$37,457,752.00",9/30,
319,320,Transformers,"$37,218,823.00",7/11,China Film
320,321,Till the End of the World,"$36,878,369.00",2/2,
321,322,Women Who Flirt (Sajiao Nvren),"$36,720,000.00",11/28,China Film
322,323,But Always (Yi Sheng Yi Shi),"$36,590,000.00",9/5,
323,324,The Hunger Games: Mockingjay - Part 1,"$36,512,218.00",2/8,China Film
324,325,The Adventurers,"$36,486,465.00",8/11,
325,326,La La Land,"$35,916,658.00",2/14,Joy
326,327,Gods of Egypt,"$35,598,525.00",3/11,
327,328,Namiya,"$35,245,184.00",12/29,
328,329,The Liquidator,"$34,989,022.00",12/22,
329,330,Where Are We Going Dad? 2,"$34,840,000.00",2/19,
330,331,Murder on the Orient Express (2017),"$34,685,958.00",11/10,Fox
331,332,After Earth,"$34,480,000.00",7/12,China Film
332,333,A Quiet Place,"$34,446,117.00",5/18,PPI
333,334,Love and Lost (Shi Gu),"$34,180,000.00",3/20,China Film
334,335,Ji jie hao (Assembly),"$34,089,912.00",12/20,China Film
335,336,Escape Room,"$33,980,703.00",1/18,Sony
336,337,Monsters University,"$33,720,000.00",8/23,HuaXia
337,338,Wa pei (Painted Skin),"$33,467,300.00",9/26,
338,339,The Witness (Wo shi zheng ren),"$33,461,140.00",10/29,
339,340,Chek dou,"$33,180,000.00",4/30,
340,341,Old Boys: The Way of the Dragon,"$32,800,000.00",7/10,HuaXia
341,342,Moana,"$32,797,208.00",11/25,Disney
342,343,Hindi Medium,"$32,712,245.00",4/4,
343,344,Paddington 2,"$32,555,520.00",12/8,
344,345,The House That Never Dies 2,"$32,402,205.00",7/6,
345,346,The Crossing: Part 1,"$32,380,000.00",12/2,
346,347,Hotel Transylvania 3: Summer Vacation,"$32,222,566.00",8/17,Sony
347,348,Taken 3,"$32,200,000.00",3/20,China Film
348,349,Close Friends,"$32,180,000.00",7/30,
349,350,Black and White: Episode 2,"$32,090,000.00",10/1,HuaXia
350,351,Blind Detective,"$32,061,558.00",7/4,China Film
351,352,Bounty Hunters,"$31,911,723.00",7/1,
352,353,Don't Go Breaking My Heart 2,"$31,630,000.00",11/12,
353,354,A Good Day to Die Hard,"$31,620,000.00",3/14,China Film
354,355,Doraemon the Movie: Nobita's Treasure Island,"$31,578,357.00",6/1,
355,356,Sing,"$31,379,920.00",2/17,UPI
356,357,Say Yes!,"$31,260,000.00",2/12,China Film
357,358,The Predator (2018),"$31,230,913.00",10/26,
358,359,The Four 3 (2014),"$31,090,000.00",8/22,HuaXia
359,360,This Is Not What I Expected,"$30,658,945.00",4/27,
360,361,A Wedding Invitation,"$30,610,000.00",4/12,China Film
361,362,The Way of the Bug,"$30,355,804.00",6/15,
362,363,Saving Mr. Wu,"$30,350,000.00",9/18,
363,364,Z-Storm 2 (S Storm),"$30,327,990.00",9/14,
364,365,Wonder,"$30,105,510.00",1/19,TIK
365,366,Brick Mansions,"$29,840,000.00",8/1,China Film
366,367,Reset (Ni Shi Ying Jiu),"$29,836,275.00",6/30,
367,368,Maze Runner: The Scorch Trials,"$29,575,097.00",11/4,Fox
368,369,Ghost in the Shell (2017),"$29,327,947.00",4/7,PPI
369,370,Rise of the Legend,"$29,290,000.00",11/21,China Film
370,371,Silent Witness,"$29,260,000.00",9/13,
371,372,White House Down,"$28,470,000.00",7/22,HuaXia
372,373,A Dog's Journey,"$28,318,519.00",5/17,
373,374,The Four 2 (2013),"$28,170,000.00",12/6,
374,375,The Hunger Games: Catching Fire,"$27,920,000.00",11/21,China Film
375,376,When Larry Met Mary,"$27,859,882.00",7/15,
376,377,Cloud Atlas,"$27,710,000.00",1/30,HuaXia
377,378,Home (2015),"$27,700,000.00",4/24,China Film
378,379,Bride Wars (2015),"$27,670,000.00",8/20,HuaXia
379,380,Tau ming chong (The Warlords),"$27,601,246.00",12/12,China Film
380,381,Seventh Son,"$27,560,000.00",1/16,China Film
381,382,Yesterday Once More (Shei de qing chun bu mi mang),"$27,411,872.00",4/22,
382,383,The Last Witch Hunter,"$27,404,245.00",1/15,
383,384,The Forbidden Kingdom,"$26,899,556.00",4/24,HuaXia
384,385,The Faces of My Gene,"$26,796,279.00",2/16,
385,386,Ferdinand,"$26,457,430.00",1/19,Fox
386,387,Peter Rabbit,"$26,289,410.00",3/2,Sony
387,388,One Night Surprise,"$26,212,189.00",8/9,China Film
388,389,Jack Ryan: Shadow Recruit,"$26,210,000.00",1/17,China Film
389,390,Cheung Gong 7 hou (CJ7),"$26,166,803.00",1/30,China Film
390,391,Kung Fu Panda,"$26,024,298.00",6/20,
391,392,A Chinese Odyssey Part Two: Cinderella,"$25,960,664.00",4/13,
392,393,Contratiempo (The Invisible Guest),"$25,919,310.00",9/15,
393,394,Oz The Great and Powerful,"$25,910,000.00",3/29,China Film
394,395,Wo de zao geng nv you (Meet Miss Anxiety),"$25,910,000.00",12/12,China Film
395,396,Tonari no Totoro (My Neighbor Totoro),"$25,798,550.00",12/14,
396,397,Fall in Love at First Kiss,"$25,765,510.00",2/14,
397,398,Men in Black International,"$25,746,719.00",6/14,
398,399,Elysium,"$25,690,000.00",9/5,HuaXia
399,400,Smurfs: The Lost Village,"$25,558,593.00",4/21,Sony
400,401,Love Off the Cuff,"$25,531,588.00",4/28,
401,402,Dak Siu San Fan (Special ID),"$25,040,000.00",10/18,China Film
402,403,Call of Heroes,"$25,033,616.00",8/12,
403,404,Johnny English Strikes Again,"$24,911,489.00",11/23,
404,405,SoulMate,"$24,684,439.00",9/14,
405,406,Triumph in the Skies,"$24,590,000.00",2/19,
406,407,Twenty Two,"$24,523,388.00",8/14,
407,408,Sherlock: The Abominable Bride,"$24,392,699.00",1/4,
408,409,The Little Prince,"$24,037,389.00",10/16,
409,410,The Maze Runner,"$23,990,000.00",10/28,HuaXia
410,411,Bring Happiness Home,"$23,980,000.00",1/15,
411,412,Oblivion,"$23,860,000.00",5/10,China Film
412,413,The Stolen Years,"$23,840,000.00",8/29,
413,414,Billy Lynn's Long Halftime Walk,"$23,761,008.00",11/11,Sony
414,415,Wild City,"$23,670,000.00",7/30,
415,416,Wan Wu Sheng Zhang,"$23,620,000.00",4/17,
416,417,Du zhan (Drug War),"$23,180,000.00",4/2,
417,418,To the Fore,"$23,160,000.00",8/6,
418,419,New Happy Dad and Son 3: Adventure in Russia,"$23,130,469.00",7/6,
419,420,Now You See Me,"$22,950,000.00",10/10,China Film
420,421,Bing Fung: Chung Sang Chi Mun (Iceman),"$22,800,000.00",4/25,
421,422,Sweet Sixteen (Xia You Qiao Mu),"$22,779,899.00",8/5,
422,423,Ender's Game,"$22,710,000.00",1/7,China Film
423,424,The Knight of Shadows: Between Yin and Yang,"$22,687,179.00",2/5,
424,425,Europe Raiders,"$22,400,790.00",8/17,
425,426,Assassin's Creed,"$22,365,730.00",2/24,Fox
426,427,Mojin: The Worm Valley,"$22,230,102.00",12/29,
427,428,The Smurfs 2,"$22,060,000.00",9/12,China Film
428,429,Hung wun chiu yun (My Lucky Star),"$21,970,000.00",9/17,
429,430,Dumbo (2019),"$21,889,698.00",3/29,
430,431,Love Studio,"$21,590,285.00",3/11,
431,432,The Hunger Games: Mockingjay - Part 2,"$21,525,450.00",11/19,
432,433,Doraemon: Great Adventure in the Antarctic Kachi Kochi,"$21,468,215.00",5/30,
433,434,Hichiki,"$21,410,675.00",10/12,
434,435,Big Brother,"$21,292,966.00",8/24,
435,436,The Hitman's Bodyguard,"$21,146,741.00",9/22,Cristal
436,437,Out of Inferno,"$21,140,000.00",9/30,HuaXia
437,438,Quantum of Solace,"$21,009,412.00",11/5,
438,439,The BFG,"$20,995,699.00",10/14,Disney
439,440,Cars 3,"$20,826,558.00",8/25,Disney
440,441,Lady of the Dynasty,"$20,660,000.00",7/30,China Film
441,442,One Hundred Thousand Bad Jokes 2,"$20,460,352.00",8/18,
442,443,Cock and Bull,"$20,399,982.00",9/14,CL
443,444,Transcendence,"$20,280,000.00",4/18,HuaXia
444,445,Who Sleeps My Bro,"$20,069,212.00",4/1,
445,446,Mr. Highheels,"$20,003,919.00",2/19,
446,447,Life (2017),"$19,881,127.00",5/19,
447,448,Royal Treasure,"$19,800,195.00",1/15,
448,449,Xi Yang Yang Yu Hui Tai Lang Zhi Xi Qi Yang Yang Guo She Nian,"$19,570,000.00",1/24,
449,450,Master Z: Ip Man Legacy,"$19,490,366.00",12/21,
450,451,Harry Potter and the Order of the Phoenix,"$19,410,000.00",8/11,China Film
451,452,P.K.,"$19,380,000.00",5/22,
452,453,Inferno,"$19,371,553.00",10/28,Sony
453,454,Ex Files,"$19,310,000.00",1/31,
454,455,Tomorrowland,"$19,240,000.00",5/28,
455,456,Fury (2014),"$19,180,000.00",11/21,China Film
456,457,Mr. Peabody & Sherman,"$19,130,000.00",3/28,China Film
457,458,Oolong Courtyard,"$19,077,816.00",8/17,
458,459,The Rooftop,"$18,990,000.00",7/11,China Film
459,460,Spider-Man 3,"$18,924,747.00",5/1,China Film
460,461,Father and Son,"$18,764,047.00",7/21,
461,462,Doraemon: Nobita's Chronicle of the Moon Exploration,"$18,729,290.00",6/1,
462,463,Yat ku chan dik mou lam (Kung Fu Jungle),"$18,710,000.00",10/31,
463,464,Hotel Transylvania 2,"$18,701,176.00",10/29,
464,465,The Divergent Series: Allegiant,"$18,676,215.00",5/20,Leeding
465,466,Suddenly Seventeen,"$18,581,123.00",12/9,
466,467,One Hundred Thousand Bad Jokes,"$18,550,000.00",12/31,
467,468,Ji Zhan (Unbeatable),"$18,540,000.00",8/16,
468,469,Peppa Celebrates Chinese New Year,"$18,521,815.00",2/5,
469,470,Detective Conan: Zero The Enforcer,"$18,483,569.00",11/9,
470,471,Airpocalypse,"$18,374,998.00",12/21,
471,472,The Transporter Refueled,"$18,344,558.00",11/19,
472,473,Big Baker's Unlucky Bear,"$18,330,043.00",1/13,
473,474,Turbo,"$18,140,000.00",9/18,China Film
474,475,The Divergent Series: Insurgent,"$18,039,876.00",6/19,China Film
475,476,Mr. Pride vs. Miss Prejudice,"$18,019,651.00",4/20,
476,477,Mr. Go,"$17,950,000.00",7/18,
477,478,The Wasted Times,"$17,875,409.00",12/16,
478,479,Resident Evil: Retribution,"$17,760,313.00",3/17,
479,480,Cook Up A Storm,"$17,658,952.00",2/10,
480,481,Always Miss You,"$17,551,421.00",5/1,
481,482,The Mummy: Tomb of the Dragon Emperor,"$17,450,787.00",9/5,
482,483,That Demon Within,"$17,430,000.00",4/18,China Film
483,484,Into The Storm,"$17,340,000.00",9/12,HuaXia
484,485,21 Karat,"$17,241,379.00",4/20,
485,486,Legend of the Naga Pearls,"$17,240,653.00",8/11,
486,487,"Si jie (Lust, Caution)","$17,109,185.00",11/1,China Film
487,488,Miss Peregrine's Home for Peculiar Children,"$17,017,610.00",12/2,
488,489,Natsume's Book of Friends The Movie: Tied to the Temporal World,"$17,004,368.00",3/7,
489,490,Emperor's Holidays,"$17,000,000.00",2/19,
490,491,Pirates of the Caribbean: At World's End,"$16,970,000.00",6/12,China Film
491,492,Integrity,"$16,863,262.00",2/5,
492,493,Nine Lives (2016),"$16,793,054.00",9/9,
493,494,Paddington,"$16,790,174.00",3/5,HuaXia
494,495,Heartfall Arises,"$16,748,620.00",10/20,
495,496,Mei Lanfang (Forever Enthralled),"$16,652,957.00",12/4,
496,497,Non-Stop,"$16,620,000.00",9/19,HuaXia
497,498,The Shape of Water,"$16,619,516.00",3/16,Fox
498,499,Alpha,"$16,604,429.00",9/7,
499,500,Baby Driver,"$16,576,214.00",8/25,Sony
500,501,The Wind Guardians,"$16,558,135.00",8/3,
501,502,Solo: A Star Wars Story,"$16,473,217.00",5/25,Disney
502,503,"Black Coal, Thin Ice","$16,460,000.00",3/21,
503,504,Durante la tormenta (Mirage),"$16,457,892.00",3/28,
504,505,Hold Your Hands,"$16,444,489.00",10/13,
505,506,Chappie,"$16,400,000.00",5/8,HuaXia
506,507,Temporary Family,"$16,310,000.00",8/21,China Film
507,508,The Huntsman Winter's War,"$16,280,125.00",4/22,
508,509,The Nutcracker and the Four Realms,"$16,238,604.00",11/2,Disney
509,510,Manhunt,"$16,116,172.00",11/24,
510,511,Mom (2017),"$16,082,564.00",5/10,
511,512,Seventy-Seven Days,"$15,988,889.00",11/3,
512,513,The Greatest Showman,"$15,929,849.00",2/1,Fox
513,514,Arrival,"$15,884,890.00",1/20,PPI
514,515,Guan lan (Kung Fu Dunk),"$15,883,165.00",2/8,Oriental
515,516,Seer Movie 6: Invincible Puni,"$15,874,097.00",8/18,
516,517,Silver Medalist,"$15,844,273.00",1/20,
517,518,Silver Medalist,"$15,844,273.00",1/20,
518,519,Silver Medalist,"$15,844,273.00",1/20,
519,520,Criminal (2016),"$15,772,274.00",5/13,
520,521,Pompeii,"$15,630,000.00",8/14,HuaXia
521,522,Eiga Doraemon: Shin Nobita no Nippon tanjou,"$15,588,278.00",7/22,HuaXia
522,523,One Piece Film Gold,"$15,584,811.00",11/11,
523,524,Everest (2015),"$15,446,746.00",11/3,
524,525,Paths of the Soul,"$15,409,276.00",6/20,
525,526,Boruto: Naruto the Movie,"$15,392,640.00",2/18,
526,527,Inside Out,"$15,314,000.00",10/6,Disney
527,528,Pixels,"$15,300,000.00",9/15,
528,529,The Shallows,"$15,291,870.00",9/9,Sony
529,530,Yugo & Lala IV,"$15,286,513.00",8/3,
530,531,Iron Man,"$15,274,332.00",4/30,China Film
531,532,Z Storm,"$15,220,000.00",8/16,
532,533,Northeast Past,"$15,208,575.00",2/3,
533,534,Hancock,"$15,093,944.00",7/2,
534,535,Jack Reacher,"$15,090,000.00",2/16,China Film
535,536,Three,"$14,968,027.00",6/24,
536,537,Yau lung hei fung (Look for a Star),"$14,938,886.00",1/26,
537,538,Yau lung hei fung (Look for a Star),"$14,938,886.00",1/26,
538,539,Yau lung hei fung (Look for a Star),"$14,938,886.00",1/26,
539,540,The One (2017),"$14,897,163.00",7/7,
540,541,The Game Changer,"$14,875,966.00",2/10,
541,542,Happiness is Coming,"$14,798,770.00",6/8,
542,543,Blood-Soaked Guangchang,"$14,651,659.00",8/1,
543,544,Sword Master (San Shao Ye De Jian),"$14,502,045.00",12/2,
544,545,Toilet: Ek Prem Katha,"$14,229,907.00",6/8,
545,546,Brotherhood of Blades,"$14,190,000.00",8/7,China Film
546,547,Shoplifters,"$14,097,096.00",8/3,
547,548,Bohemian Rhapsody,"$13,980,037.00",3/22,
548,549,The Missing (Bang jia zhe),"$13,887,720.00",3/31,
549,550,The Golden Monk,"$13,867,066.00",11/17,
550,551,The Walk,"$13,773,172.00",1/22,
551,552,Meet the Pegusus,"$13,760,000.00",1/16,
552,553,Ip Man,"$13,728,640.00",12/12,
553,554,Love Will Tear Us Apart,"$13,690,000.00",10/12,
554,555,The Hurricane Heist,"$13,655,054.00",11/2,
555,556,Phantom of the Theatre,"$13,482,888.00",4/29,
556,557,Escape Plan 2,"$13,396,152.00",6/29,
557,558,Zheng Rong Ri Ji,"$13,380,000.00",4/4,
558,559,New Happy Dad and Son 2: The Instant Genius,"$13,375,370.00",8/19,China Film
559,560,The Great Gatsby (2013),"$13,340,000.00",8/30,China Film
560,561,Hercules (2014),"$13,170,000.00",10/21,China Film
561,562,Bunshinsaba 2,"$13,140,000.00",7/16,China Film
562,563,Song of the Phoenix,"$13,075,926.00",5/6,
563,564,Hallo Babies,"$13,040,000.00",1/11,
564,565,Da Hufa,"$13,006,233.00",7/13,
565,566,The Lone Ranger,"$12,940,000.00",10/5,China Film
566,567,The Chronicles of Narnia: Prince Caspian,"$12,522,570.00",6/6,China Film
567,568,Meitantei Conan: Goka no himawari,"$12,496,657.00",10/23,
568,569,Heart for Heaven,"$12,435,610.00",12/31,
569,570,Miss Partners,"$12,363,592.00",4/29,
570,571,Divergent,"$12,320,000.00",9/8,China Film
571,572,Gintama,"$12,232,143.00",9/1,
572,573,Seer III,"$12,230,000.00",7/12,
573,574,No One's Life Is Easy: So I Married an Anti-Fan,"$12,101,384.00",6/30,CL
574,575,Crystal Sky of Yesterday,"$12,061,164.00",10/26,
575,576,"McDull, Kung Fu Kindergarten","$12,031,621.00",7/24,
576,577,"McDull, Kung Fu Kindergarten","$12,031,621.00",7/24,
577,578,"McDull, Kung Fu Kindergarten","$12,031,621.00",7/24,
578,579,Baahubali 2: The Conclusion,"$11,951,545.00",5/4,
579,580,"Uchiage hanabi, shita kara miru ka? Yoko kara miru ka?","$11,943,229.00",12/1,
580,581,Little Door Gods (Xiao men shen),"$11,902,156.00",12/25,
581,582,As the Light Goes Out,"$11,880,000.00",1/3,China Film
582,583,Hotel Transylvania,"$11,850,000.00",11/1,HuaXia
583,584,Roco Kingdom 4,"$11,810,000.00",8/13,
584,585,Deng Feng Lai (Up in the Wind),"$11,780,000.00",12/31,China Film
585,586,Casino Royale,"$11,770,398.00",1/30,
586,587,I Love Wolffy 2,"$11,730,000.00",8/1,
587,588,Tik Tok,"$11,702,016.00",7/15,China Film
588,589,Fighting (2014),"$11,670,000.00",3/21,
589,590,Blade Runner 2049,"$11,651,565.00",10/27,Sony
590,591,Last Letter,"$11,609,064.00",11/9,
591,592,Upside Down (2012),"$11,600,000.00",3/7,HuaXia
592,593,Kung Fu Monster,"$11,558,566.00",12/21,
593,594,The Snow Queen 3: Fire and Ice,"$11,554,062.00",4/5,
594,595,Stalingrad (2013),"$11,520,000.00",10/31,HuaXia
595,596,For Love,"$11,487,632.00",1/29,
596,597,Storks,"$11,461,078.00",9/23,WB
597,598,Drôles de petites bêtes,"$11,422,395.00",4/13,
598,599,One Step Away,"$11,320,000.00",9/19,China Film
599,600,The Third Way of Love,"$11,270,000.00",9/25,
600,601,The Adventure of Afanti,"$11,113,411.00",10/1,
601,602,Snowpiercer,"$11,100,000.00",3/17,China Film
602,603,77 Heartbreaks,"$11,077,852.00",6/23,
603,604,Niu Qi Chong Tian,"$11,043,191.00",1/16,
604,605,Niu Qi Chong Tian,"$11,043,191.00",1/16,
605,606,Niu Qi Chong Tian,"$11,043,191.00",1/16,
606,607,Battle of Xiangjiang,"$11,037,772.00",6/30,
607,608,Fake Fiction,"$10,970,000.00",8/23,China Film
608,609,Happy Little Submarine 20000 Leagues Under The Sea,"$10,949,902.00",6/1,
609,610,Xiao Gong Zhen Wu Lin (Princess And Seven Kung Fu Masters),"$10,870,000.00",3/8,
610,611,Mao Fengmei,"$10,854,121.00",9/14,
611,612,"10,000 B.C.","$10,851,097.00",3/21,China Film
612,613,Mr. Black: Green Star,"$10,849,131.00",8/7,
613,614,Loving Vincent,"$10,831,329.00",12/8,
614,615,Smallfoot,"$10,808,893.00",10/19,
615,616,The Vanished Murderer,"$10,763,405.00",11/27,
616,617,Wanted,"$10,747,059.00",10/9,
617,618,Only You,"$10,710,000.00",7/24,China Film
618,619,The Leaker,"$10,626,552.00",6/15,
619,620,Roco Kingdom: The Desire of Dragon,"$10,550,000.00",1/30,
620,621,Deepwater Horizon,"$10,507,817.00",11/15,
621,622,Annihilation,"$10,338,614.00",4/13,PPI
622,623,Hide and Seek (2016),"$10,315,084.00",11/4,
623,624,Crazy New Year's Eve,"$10,280,000.00",2/6,
624,625,Lobster Cop,"$10,261,313.00",6/22,
625,626,"Three Billboards Outside Ebbing, Missouri","$10,259,207.00",3/2,Fox
626,627,Wished,"$10,238,078.00",6/30,
627,628,Girls Vs Gangsters (Guimi 2),"$10,166,181.00",3/2,
628,629,For Love or Money (2014),"$9,960,000.00",11/7,China Film
629,630,National Treasure: Book of Secrets,"$9,951,598.00",3/17,HuaXia
630,631,Horse Trader,"$9,940,000.00",3/21,
631,632,Journey to the Center of the Earth,"$9,923,386.00",9/28,
632,633,Les Miserables (2012),"$9,900,000.00",2/28,China Film
633,634,The Crimes that Bind,"$9,886,245.00",4/12,
634,635,Born in China,"$9,880,653.00",8/12,
635,636,I Am Somebody,"$9,870,000.00",7/2,
636,637,Pleasant Goat and Big Big Wolf - Amazing Pleasant Goat,"$9,830,000.00",1/31,
637,638,The Grandmaster 3D,"$9,830,000.00",1/8,HuaXia
638,639,Saving General Yang,"$9,680,000.00",4/4,China Film
639,640,One Night Stud,"$9,670,000.00",2/6,
640,641,The Shadow Play,"$9,626,679.00",4/4,
641,642,The Assassin,"$9,400,000.00",8/27,
642,643,The Human Comedy (2019),"$9,345,649.00",3/29,
643,644,Saam gwok dzi gin lung se gap (Three Kingdoms: Resurrection of the Dragon),"$9,331,504.00",4/3,Baoli Bona
644,645,Legend of Qin,"$9,250,000.00",8/8,HuaXia
645,646,Kwai Boo,"$9,140,000.00",8/6,
646,647,Red 2,"$8,980,000.00",11/15,China Film
647,648,Hotel Deluxe,"$8,960,000.00",2/1,
648,649,The Incredible Hulk,"$8,929,638.00",8/20,
649,650,Star Trek,"$8,916,639.00",5/15,
650,651,Star Trek,"$8,916,639.00",5/15,
651,652,Star Trek,"$8,916,639.00",5/15,
652,653,Happy Little Submarine 3 - Rainbow Treasure,"$8,830,000.00",5/31,
653,654,Dragon Nest: Warriors' Dawn,"$8,810,000.00",7/31,HuaXia
654,655,The SpongeBob Movie: Sponge Out of Water,"$8,762,372.00",12/1,
655,656,The Water Horse: Legend of the Deep,"$8,752,718.00",2/17,China Film
656,657,The Impossible,"$8,730,000.00",8/29,China Film
657,658,Seer V,"$8,730,000.00",7/10,HuaXia
658,659,Shaun the Sheep Movie,"$8,713,376.00",7/17,China Film
659,660,Yugo & Lala 2,"$8,630,000.00",8/8,
660,661,The Palace,"$8,570,000.00",8/13,Wanda
661,662,Transporter 3,"$8,556,760.00",2/12,
662,663,Transporter 3,"$8,556,760.00",2/12,
663,664,Transporter 3,"$8,556,760.00",2/12,
664,665,The Family (2013),"$8,520,000.00",3/7,China Film
665,666,The Magical Brush,"$8,520,000.00",7/25,China Film
666,667,Jack the Giant Slayer,"$8,490,000.00",3/25,China Film
667,668,The Old Cinderella,"$8,330,000.00",3/7,HuaXia
668,669,Night at the Museum,"$8,319,134.00",2/14,China Film
669,670,Cities in Love,"$8,120,000.00",8/19,
670,671,Moon to (Protégé),"$8,069,097.00",2/6,Poly Bona
671,672,Colombiana,"$8,050,000.00",6/7,HuaXia
672,673,Valkyrie,"$8,041,799.00",2/26,
673,674,Valkyrie,"$8,041,799.00",2/26,
674,675,Valkyrie,"$8,041,799.00",2/26,
675,676,Epic,"$8,030,000.00",11/29,China Film
676,677,Free Birds,"$7,990,000.00",3/7,HuaXia
677,678,Dragonball Evolution,"$7,936,392.00",3/14,
678,679,Dragonball Evolution,"$7,936,392.00",3/14,
679,680,Dragonball Evolution,"$7,936,392.00",3/14,
680,681,Huang jin shi dai (The Golden Era),"$7,930,000.00",10/1,China Film
681,682,Bunshinsaba 3,"$7,890,000.00",7/4,China Film
682,683,The Last Stand,"$7,790,000.00",10/24,China Film
683,684,Mortal Engines,"$7,466,309.00",1/18,
684,685,Happy Little Submarines 4 - Adventures of Octopus,"$7,390,000.00",5/30,China Film
685,686,The Monuments Men,"$7,350,000.00",3/28,China Film
686,687,Roco Kingdom 3,"$7,050,000.00",7/10,
687,688,Control (2013),"$7,020,000.00",11/22,
688,689,Amazing (2013),"$6,990,000.00",9/30,
689,690,Bo chi tung wah (Connected),"$6,953,637.00",9/25,
690,691,McDull: Me and My Mum,"$6,932,179.00",10/1,
691,692,Stolen (2012),"$6,900,000.00",3/1,China Film
692,693,Shi Quan Jiu Mei (Almost Perfect),"$6,855,809.00",7/28,
693,694,Armor Hero Atlas,"$6,810,000.00",10/1,
694,695,Wonder Park,"$6,779,030.00",4/19,
695,696,GG Bond 2,"$6,670,000.00",5/31,
696,697,Mayday Life,"$6,660,487.00",5/24,
697,698,"So Long, My Son","$6,601,881.00",3/22,
698,699,Prooi (Prey),"$6,589,175.00",3/22,
699,700,Bolt,"$6,578,259.00",12/24,
700,701,Xin DaTou Er Zi He Xiao Tou Ba Ba Zhi Mi Mi Ji Hua,"$6,290,000.00",9/25,China Film
701,702,Jiang shan mei ren (An Empress and the Warriors),"$6,147,279.00",3/6,Baoli Bona
702,703,Flood (2007),"$6,126,825.00",9/14,
703,704,The Adventures of Sinbad,"$6,060,000.00",5/31,
704,705,Ice Age: The Meltdown 3D,"$5,855,762.00",10/17,
705,706,Olympus Has Fallen,"$5,820,000.00",12/29,China Film
706,707,My Hero Academia: Two Heroes,"$5,779,149.00",3/15,
707,708,Dragon Force - Rise of Ultraman,"$5,755,641.00",1/18,
708,709,Happy Heroes,"$5,410,000.00",6/28,
709,710,A Dog's Way Home,"$5,364,516.00",1/18,
710,711,Madagascar: Escape 2 Africa,"$5,278,943.00",1/1,
711,712,Madagascar: Escape 2 Africa,"$5,278,943.00",1/1,
712,713,Madagascar: Escape 2 Africa,"$5,278,943.00",1/1,
713,714,Tian mi mi (Together),"$5,120,000.00",2/12,China Film
714,715,The Fox Lover,"$4,970,000.00",9/28,
715,716,Fly Me to the Moon,"$4,930,000.00",10/25,China Film
716,717,The Golden Compass,"$4,928,803.00",3/27,China Film
717,718,TMNT,"$4,819,908.00",5/18,China Film
718,719,A Home With a View,"$4,815,816.00",1/18,
719,720,Ai qing hu jiao zhuan yi II: Ai qing zuo you (Fit Lover),"$4,800,559.00",11/26,
720,721,Love You for Loving Me,"$4,790,000.00",11/8,
721,722,Kaabil,"$4,773,677.00",6/5,
722,723,Young Style,"$4,720,000.00",8/2,China Film
723,724,Fate/stay night: Heaven's Feel Ch.1 - Presage Flower,"$4,685,622.00",1/11,
724,725,Dragon Ball Super: Broly,"$4,558,443.00",5/24,
725,726,"Ga yau hei si 2009 (All's Well, Ends Well 2009)","$4,530,375.00",1/22,
726,727,"Ga yau hei si 2009 (All's Well, Ends Well 2009)","$4,530,375.00",1/22,
727,728,"Ga yau hei si 2009 (All's Well, Ends Well 2009)","$4,530,375.00",1/22,
728,729,Tao hua yun (Desires of the Heart),"$4,509,616.00",11/20,
729,730,Nan er ben se (Invisible Target),"$4,482,709.00",7/19,Poly Bona
730,731,One Foundation,"$4,474,576.00",11/29,China Film
731,732,Dredd,"$4,470,000.00",3/1,China Film
732,733,Bu neng shuo de. mi mi (Secret),"$4,407,852.00",7/31,China Film
733,734,Eragon,"$4,392,922.00",4/6,China Film
734,735,Storm Rider - Clash of Evils,"$4,382,825.00",7/19,
735,736,D-War (Dragon Wars),"$4,370,573.00",5/13,HuaXia
736,737,Mo hup leung juk (Butterfly Lovers),"$4,301,830.00",10/9,
737,738,Man of Tai Chi,"$4,280,000.00",7/5,China Film
738,739,Better and Better,"$4,180,000.00",2/10,China Film
739,740,Dou fo sin (Flash Point),"$4,090,789.00",8/3,Poly Bona
740,741,Savage,"$4,066,011.00",4/30,
741,742,Live Free or Die Hard,"$3,979,257.00",11/15,China Film
742,743,Tian tang kou (Blood Brothers),"$3,944,291.00",8/16,Bona Light
743,744,A City Called Macau,"$3,924,699.00",6/14,
744,745,Midas Touch,"$3,900,000.00",9/6,
745,746,Hing dai (Brothers),"$3,860,900.00",10/18,Poly Bona
746,747,Deja Vu,"$3,800,000.00",3/19,HuaXia
747,748,Mysterious Face,"$3,770,000.00",6/14,
748,749,Ghost Rider,"$3,759,994.00",6/3,China Film
749,750,Love Speaks,"$3,730,000.00",11/8,
750,751,Les Deux mondes,"$3,712,419.00",3/5,
751,752,Les Deux mondes,"$3,712,419.00",3/5,
752,753,Les Deux mondes,"$3,712,419.00",3/5,
753,754,Tie saam gok (Triangle),"$3,616,637.00",10/1,Poly Bona
754,755,Lost in Love,"$3,493,631.00",4/19,
755,756,Happy Little Submarine: Space Pals,"$3,395,249.00",6/1,
756,757,Neui yan fau pui (All About Women),"$3,331,872.00",12/11,
757,758,Sam hoi tsam yan (Missing),"$3,330,558.00",6/12,
758,759,Shooter,"$3,245,468.00",4/20,HuaXia
759,760,Qiaohu and the Fantastic Flying Ship,"$3,184,738.00",6/1,
760,761,Speed Racer,"$3,184,713.00",8/10,
761,762,The Guardian,"$3,157,013.00",1/13,China Film
762,763,Mr. Bean's Holiday,"$3,048,163.00",7/27,China Film
763,764,Dvizhenie Vverh,"$3,043,044.00",6/13,
764,765,The Bourne Ultimatum,"$3,026,471.00",11/15,China Film
765,766,Heidi (2015),"$2,954,343.00",5/16,
766,767,Whisper of Silent Body,"$2,919,775.00",6/14,
767,768,Hai jiao qi hao (Cape No. 7),"$2,909,204.00",2/14,
768,769,Hai jiao qi hao (Cape No. 7),"$2,909,204.00",2/14,
769,770,Hai jiao qi hao (Cape No. 7),"$2,909,204.00",2/14,
770,771,Vinci,"$2,891,421.00",1/10,BeijChua
771,772,Ratatouille,"$2,871,850.00",10/19,HuaXia
772,773,Gao xing,"$2,774,168.00",2/4,
773,774,Gao xing,"$2,774,168.00",2/4,
774,775,Gao xing,"$2,774,168.00",2/4,
775,776,Oi dut hei (Give Love),"$2,758,816.00",2/13,
776,777,Oi dut hei (Give Love),"$2,758,816.00",2/13,
777,778,Oi dut hei (Give Love),"$2,758,816.00",2/13,
778,779,The LEGO Movie 2: The Second Part,"$2,749,903.00",3/22,
779,780,Wukong's Christmas Adventure,"$2,747,719.00",5/1,
780,781,Baohulu de mimi (The Secret of the Magic Gourd),"$2,725,713.00",6/29,China Film
781,782,Push and Shove,"$2,704,326.00",4/20,
782,783,Doraemon: Nobita no kyôryû (2006),"$2,682,446.00",7/20,HuaXia
783,784,Zwartboek (Black Book),"$2,620,617.00",2/3,
784,785,Zwartboek (Black Book),"$2,620,617.00",2/3,
785,786,Zwartboek (Black Book),"$2,620,617.00",2/3,
786,787,Daai sau cha ji neui (Lady Cop & Papa Crook),"$2,571,032.00",12/23,
787,788,Tristan and Isolde,"$2,569,673.00",4/20,XinHua
788,789,Maquia: When The Promised Flower Blooms,"$2,551,388.00",2/22,
789,790,Creed II,"$2,530,119.00",1/4,
790,791,Twins (2019),"$2,504,008.00",5/18,
791,792,Man jeuk (Sparrow),"$2,479,761.00",8/22,
792,793,The Beast Stalker,"$2,473,015.00",11/20,
793,794,Change of Gangsters,"$2,415,054.00",4/19,
794,795,Australia,"$2,402,985.00",1/28,
795,796,Australia,"$2,402,985.00",1/28,
796,797,Australia,"$2,402,985.00",1/28,
797,798,The Devil Wears Prada,"$2,401,750.00",2/27,China Film
798,799,Thomas & Friends: Big World! Big Adventures! The Movie,"$2,388,275.00",5/31,
799,800,Hellboy II: The Golden Army,"$2,366,875.00",11/21,
800,801,Next,"$2,308,086.00",12/2,
801,802,Slumdog Millionaire,"$2,280,068.00",3/26,
802,803,Slumdog Millionaire,"$2,280,068.00",3/26,
803,804,Slumdog Millionaire,"$2,280,068.00",3/26,
804,805,Huang Cun Ke Zhan (The Deserted Inn),"$2,260,958.00",8/15,
805,806,Alone in the Dark,"$2,250,837.00",3/20,
806,807,Alone in the Dark,"$2,250,837.00",3/20,
807,808,Alone in the Dark,"$2,250,837.00",3/20,
808,809,Chao Qiang Tai Feng (Super Typhoon),"$2,236,025.00",10/24,
809,810,Prey (2007),"$2,206,479.00",9/7,China Film
810,811,Butterfly on a Wheel,"$2,191,156.00",6/26,
811,812,Jing wu men (Kung Fu Hip Hop),"$2,161,941.00",6/26,
812,813,The Sexy Guys,"$2,148,689.00",4/12,
813,814,Tai yang zhao chang sheng qi (The Sun Also Rises),"$2,130,247.00",9/14,
814,815,Atonement,"$2,122,170.00",2/22,China Film
815,816,Mi-nyeo-neun Gwae-ro-wo (200 Pounds Beauty),"$2,076,217.00",9/28,China Film
816,817,Kod apokalipsisa (Apocalypse Code),"$2,044,984.00",4/17,HuaXia
817,818,Taken,"$2,037,062.00",4/11,China Film
818,819,Taxi 4,"$2,023,472.00",10/4,BonaWen
819,820,Skalolazka and the Latter from the Seventh Cradle,"$2,016,984.00",3/6,
820,821,Skalolazka and the Latter from the Seventh Cradle,"$2,016,984.00",3/6,
821,822,Skalolazka and the Latter from the Seventh Cradle,"$2,016,984.00",3/6,
822,823,Enter the Forbidden City,"$1,996,607.00",5/10,
823,824,Hua hua xing jing (Playboy Cops),"$1,893,993.00",2/28,ShidYin
824,825,Fool's Gold,"$1,880,542.00",5/26,China Film
825,826,Li mi de cai xiang (The Equation of Love and Death),"$1,869,732.00",9/19,
826,827,Hup yeu ching yan (Contract Lover),"$1,860,515.00",8/16,UME
827,828,Gwoemul (The Host),"$1,848,333.00",3/9,BeijWanda
828,829,"Tonight, At The Movies","$1,828,701.00",2/14,
829,830,Babel,"$1,810,727.00",3/13,China Film
830,831,No Reservations,"$1,808,318.00",9/7,China Film
831,832,Uncle Drew,"$1,786,702.00",1/11,
832,833,16 Blocks,"$1,765,482.00",3/30,BeijShi
833,834,Zhou Enlai Returned To Yanan,"$1,732,943.00",5/15,
834,835,Let's Steal Together,"$1,676,554.00",2/18,Poly Bona
835,836,Luo ye gui gen (Getting Home),"$1,675,150.00",1/19,XinHua
836,837,Dei yuk dai sup gau tsang (Naraka 19),"$1,647,884.00",8/28,ShidYin
837,838,Doraemon: Nobita no shin makai daibôken (Doraemon the Movie: Nobita's New Great Adventure Into the Underworld - The Seven Magic Users) (2007),"$1,631,483.00",1/22,China Film
838,839,The Children of Huang Shi,"$1,627,665.00",4/3,HuaXia
839,840,Nihon chinbotsu (Sinking of Japan),"$1,596,594.00",9/21,HuaXia
840,841,Arthur et les Minimoys (Arthur and the Invisibles),"$1,584,949.00",1/19,Duomeng
841,842,Mee-Shee: The Water Giant,"$1,578,310.00",9/12,
842,843,Four Springs,"$1,561,731.00",1/4,
843,844,Chaos (2005),"$1,551,049.00",3/9,BeijChua
844,845,Ai qing hu jiao zhuan yi,"$1,547,449.00",2/8,Xiying
845,846,Jinpa,"$1,520,781.00",4/26,
846,847,The Crossing (2019),"$1,479,151.00",3/15,
847,848,Frog Prince Adventures,"$1,456,558.00",4/5,
848,849,Yat kor ho ba ba (Run Papa Run),"$1,455,223.00",5/30,Poly Bona
849,850,Xin zhong you gui (The Matrimony),"$1,418,495.00",2/8,Xiying
850,851,My Blueberry Nights,"$1,398,408.00",12/22,Oriental
851,852,Click,"$1,387,909.00",4/20,China Film
852,853,Nanking,"$1,315,650.00",7/6,HuaXia
853,854,Ping guo (Lost in Beijing),"$1,286,914.00",11/30,Poly Bona
854,855,Stormbreaker,"$1,272,763.00",4/13,ShHuayu
855,856,Autobahnraser,"$1,255,566.00",10/15,
856,857,Dangerous Games,"$1,237,539.00",12/28,Dengtian
857,858,Final Contract: Death or Delivery,"$1,237,360.00",9/28,Zijing
858,859,Babylon A.D.,"$1,228,608.00",11/17,
859,860,C+ jing taam (The Detective),"$1,205,546.00",9/26,BonaWen
860,861,Startups,"$1,196,360.00",1/11,
861,862,Fast Track: No Limits,"$1,190,456.00",5/30,BeijShi
862,863,Stolen Princess: Ruslan and Lyudmyla,"$1,185,765.00",1/18,
863,864,Kak Ya Stal Russkim (How I Became Russian),"$1,178,530.00",1/24,
864,865,Ashes of Time Redux,"$1,169,266.00",3/27,
865,866,Ashes of Time Redux,"$1,169,266.00",3/27,
866,867,Ashes of Time Redux,"$1,169,266.00",3/27,
867,868,The Underdog Knight,"$1,167,457.00",11/28,
868,869,The Great Detective,"$1,162,914.00",1/25,
869,870,I’m Liu Yue Jin,"$1,135,341.00",1/18,China Film
870,871,Desire Game,"$1,106,083.00",4/12,
871,872,Deadly Delicious,"$1,060,921.00",3/7,BeijJido
872,873,Yellow Rose,"$1,055,794.00",5/25,
873,874,The Dream Is Alive,"$1,044,068.00",10/26,Oriental
874,875,Gun chung (Eye in the Sky),"$1,043,304.00",6/23,Poly Bona
875,876,Long nga (Legendary Assassin),"$1,019,682.00",12/10,
876,877,Shrek the Third,"$982,214.00",8/21,ChDigital
877,878,Calabash Brothers,"$957,896.00",5/27,Shanghai
878,879,Shark Bait (a.k.a. The Reef),"$955,961.00",3/9,ChDigital
879,880,Hong Kong-Zhuhai-Macao Bridge,"$944,408.00",5/1,
880,881,Happy Family (2017),"$930,478.00",3/29,
881,882,The Breadwinner,"$929,860.00",1/11,
882,883,The First of August,"$924,252.00",9/20,China Film
883,884,Hu die fei (Linger),"$913,811.00",1/11,Guangxian
884,885,Bullet Fist,"$912,678.00",11/30,HuaXia
885,886,The Pursuit of Happyness,"$848,578.00",1/17,ChDigital
886,887,Chung oi (In Love with the Dead),"$844,583.00",1/8,DadiShid
887,888,Bong ga (Kidnap),"$825,147.00",6/8,XinHua
888,889,Two Stupid Eggs,"$813,559.00",12/21,Xingmei
889,890,Becoming Jane,"$800,573.00",2/10,China Film
890,891,Memoirs of a Murderer,"$790,588.00",1/11,
891,892,The Ghost in the Well,"$787,747.00",2/22,
892,893,Ji ri qi cheng (Set Off),"$759,767.00",9/29,
893,894,Wish You Were Here (2019),"$738,015.00",4/12,
894,895,Sum yuen (Forest of Death),"$717,444.00",3/23,Poly Bona
895,896,Hui Buh - Das Schlossgespenst,"$714,796.00",9/28,
896,897,27 Dresses,"$711,654.00",5/30,
897,898,Men (The Door),"$708,717.00",1/18,Zijing
898,899,Brave Rabbit3 The Crazy Time Machine,"$706,619.00",1/18,
899,900,Astérix aux jeux olympiques,"$701,510.00",9/29,
900,901,Roma (2018),"$699,797.00",5/10,
901,902,Bridge to Terabithia,"$686,355.00",1/26,
902,903,Bridge to Terabithia,"$686,355.00",1/26,
903,904,Bridge to Terabithia,"$686,355.00",1/26,
904,905,Yi ma de hou xian dai sheng huo (The Postmodern Life of My Aunt),"$671,757.00",3/6,Poly Bona
905,906,Duo Biao (Champions),"$658,443.00",10/31,
906,907,Hei wong ji wong (Simply Actors),"$651,180.00",8/28,China Film
907,908,Sun yat fai lok (Happy Birthday),"$644,288.00",1/16,ShHuayu
908,909,Inu to watashi no 10 no yakusoku (10 Promises to My Dog),"$613,344.00",1/26,
909,910,Inu to watashi no 10 no yakusoku (10 Promises to My Dog),"$613,344.00",1/26,
910,911,Inu to watashi no 10 no yakusoku (10 Promises to My Dog),"$613,344.00",1/26,
911,912,Step Up 2 the Streets,"$581,378.00",7/29,
912,913,On the Balcony,"$577,923.00",3/15,
913,914,Ming Ming,"$559,415.00",4/26,Poly Bona
914,915,Khan Kluay,"$538,636.00",6/12,
915,916,Lo kong ching chuen (Mr. Cinema),"$525,555.00",6/21,China Film
916,917,Marriage Trap,"$524,256.00",2/14,Poly Bona
917,918,DOA: Dead or Alive,"$516,235.00",7/24,China Film
918,919,Help (2007),"$505,365.00",1/4,ShangYix
919,920,5 Guns of Mercy,"$503,481.00",4/11,China Film
920,921,Funeral Wake,"$493,000.00",4/4,
921,922,Bleach,"$482,325.00",4/19,
922,923,The Awakening Calling from Love,"$474,656.00",3/8,
923,924,Penguin Highway,"$469,887.00",5/17,
924,925,Sun taam (Mad Detective),"$456,980.00",2/22,BonaWen
925,926,Chan mat (Claustraphobia),"$438,808.00",3/6,
926,927,Chan mat (Claustraphobia),"$438,808.00",3/6,
927,928,Chan mat (Claustraphobia),"$438,808.00",3/6,
928,929,Qian Ting Zong Dong Yuan,"$433,971.00",5/30,ChDigital
929,930,Shik-gaek (Le Grand Chef),"$427,710.00",3/7,
930,931,A Chinese Fairy Tale,"$328,204.00",8/26,
931,932,Lichun (And the Spring Comes),"$285,555.00",4/11,
932,933,Mi guo (Lost Indulgence),"$285,399.00",11/14,
933,934,Irreversi,"$262,816.00",2/20,
934,935,Irreversi,"$262,816.00",2/20,
935,936,Irreversi,"$262,816.00",2/20,
936,937,Esquire Runaway,"$258,900.00",5/16,HuaXia
937,938,The Spiderwick Chronicles,"$224,524.00",4/18,IMAX
938,939,August Rush,"$218,988.00",1/23,
939,940,August Rush,"$218,988.00",1/23,
940,941,August Rush,"$218,988.00",1/23,
941,942,Xi Zang Jin Xi,"$189,812.00",2/15,
942,943,Xi Zang Jin Xi,"$189,812.00",2/15,
943,944,Xi Zang Jin Xi,"$189,812.00",2/15,
944,945,Waiting in Beijing,"$189,795.00",10/24,
945,946,Joulutarina (Christmas Story),"$189,546.00",12/19,
946,947,Ye Mei Gui (Night Rose),"$175,441.00",3/5,
947,948,Ye Mei Gui (Night Rose),"$175,441.00",3/5,
948,949,Ye Mei Gui (Night Rose),"$175,441.00",3/5,
949,950,Wushu,"$174,708.00",10/24,
950,951,Out of Control,"$160,953.00",11/7,
951,952,Er shi si cheng ji (24 City),"$160,633.00",3/6,
952,953,Er shi si cheng ji (24 City),"$160,633.00",3/6,
953,954,Er shi si cheng ji (24 City),"$160,633.00",3/6,
954,955,Tao Qi Bao Ma Xiao Tiao,"$145,992.00",1/20,
955,956,Tao Qi Bao Ma Xiao Tiao,"$145,992.00",1/20,
956,957,Tao Qi Bao Ma Xiao Tiao,"$145,992.00",1/20,
957,958,Anaconda Frightened,"$142,902.00",4/8,
958,959,Donkey Xote,"$131,393.00",1/16,
959,960,Donkey Xote,"$131,393.00",1/16,
960,961,Donkey Xote,"$131,393.00",1/16,
961,962,Ha! Ha! Ha!,"$129,467.00",5/16,
962,963,Liang ren fang,"$111,281.00",2/12,ChDigital
963,964,Cold Harvest (1999),"$110,765.00",1/18,
964,965,La Doublure (The Valet),"$87,685.00",2/6,
965,966,La Doublure (The Valet),"$87,685.00",2/6,
966,967,La Doublure (The Valet),"$87,685.00",2/6,
967,968,50 Meters Line Between Alive or Dead,"$87,561.00",9/4,
968,969,Left Right,"$85,379.00",4/1,Xingmei
969,970,Ye Man De Wen Rou (Barbarian Tender),"$81,803.00",6/26,
970,971,T-Rex: Back to the Cretaceous (IMAX),"$80,546.00",7/10,
971,972,Wei Dao Nan Nv,"$73,073.00",11/14,
972,973,Zhou Guo Ping (Road to Home),"$58,274.00",10/24,
973,974,Hutushenpan,"$55,002.00",1/11,
974,975,Oi ching ku see (Basic Love),"$43,881.00",3/20,
975,976,Oi ching ku see (Basic Love),"$43,881.00",3/20,
976,977,Oi ching ku see (Basic Love),"$43,881.00",3/20,
977,978,Ye Zhu Zou Ming Qu,"$32,911.00",3/20,
978,979,Ye Zhu Zou Ming Qu,"$32,911.00",3/20,
979,980,Ye Zhu Zou Ming Qu,"$32,911.00",3/20,
980,981,Lemonade,"$5,840.00",2/12,
981,982,Lemonade,"$5,840.00",2/12,
982,983,Lemonade,"$5,840.00",2/12,
983,984,,,,
